{"mean_epoch_time": 12.858606696128845, "mean_batch_time": 4.886096715927124, "mean_picture_time": 2.4430488646030426, "mean_forward_time": 0.16258305311203003, "mean_backward_time": 0.6699619293212891}